gen_model,corr,num_tasks,corr_not_self,num_not_self,corr_actually_improved,num_actually_improved,corr_actually_improved_and_not_self,num_actually_improved_and_not_self
gemma-2-9b,0.3766796322489392,11312,0.43931112715272763,9697,0.20749202975557918,7528,0.2532035685320357,6165
granite3-8b,0.37261315417256013,11312,0.427080166210601,9867,0.21860708218999086,7653,0.2581442025629149,6477
llama3-8b,0.39400636492220653,11312,0.45783256291730867,9735,0.2148309705561614,7336,0.26354515050167227,5980
phi-3-small-8k,0.36925388967468176,11312,0.44271330153683097,9435,0.2065993265993266,7425,0.2588155896743715,5927
starling-7b-beta,0.38914427157001413,11312,0.44512996864569637,9887,0.23286978508217446,7910,0.2763434404082858,6662
